Job Title,Company Name,Location,Required Skills,Post Date and Time,More Info
Senior Accountant,Yeti Polychem,Kathmandu,"Communication, Account, Management, Tally, Analytical, Accounting","April 9, 2021, 11:55 p.m.",https://merojob.com/senior-accountant-282/
Junior Surveillance Officer,Tiger Palace Resort,Bhairahawa,"Interpersonal, Communication, Teamwork, Reporting","April 6, 2021, 11:55 p.m.",https://merojob.com/junior-surveillance-officer/
Senior Marketing Officer,Trilogy Digital Media (TDM),"Kathmandu, Central Development Region, Nepal",NULL,"April 8, 2021, 11:55 p.m.",https://merojob.com/senior-marketing-officer-23/
Gender Based Violence and Prote…,Care Nepal,Kathmandu,"Interpersonal, Communication, Time, Management","April 12, 2021, 5 p.m.",https://merojob.com/gender-based-violence-and-protection-in-emergencies-advisor/
Sales Associate,Felt and Yarn,"Khusibhu, Kathmandu, Nepal","Active, Listening, Customer, Relationship, Management, Logical, Thinking, Communication, ,, Problem, Solving","April 6, 2021, 2:25 p.m.",https://merojob.com/sales-associate-24/
Media Engagement Specialist,Internews,Kathmandu,"Interpersonal, Communication, Organizational, Time, Management","April 14, 2021, 11:55 p.m.",https://merojob.com/media-engagement-specialist/
Team Lead- Live Chat,daraz,Kathmandu,"Leadership, Communication, Teamwork, Analytical, Presentation","April 9, 2021, 11:55 p.m.",https://merojob.com/team-lead-live-chat/
Content Enhancement Manager,daraz,Kathmandu,"Decision, Making, Project, Management, Communication, Analytical","April 9, 2021, 11:55 p.m.",https://merojob.com/content-enhancement-manager/
Project Manager,daraz,Kathmandu,"Communication, Negotiation, Organizational, Time, Management, Ms-Office","April 9, 2021, 11:55 p.m.",https://merojob.com/project-manager-420/
Full Stack Developer,Ashutosh Brokerage and Securities,"Kathmandu, Nepal","Html, Css, Javascript, Oracle, Mysql, Python","April 9, 2021, 11:55 p.m.",https://merojob.com/full-stack-developer-54/
Phys Ed Trainer,Play Nepal,"Kathmandu, Bhaktapur, Lalitpur","Time, Management, Interpersonal, Communication, Leadership","April 9, 2021, 11:55 p.m.",https://merojob.com/phys-ed-trainer/
Video Program Producer,Kada Khabar,Kathmandu,NULL,"April 9, 2021, 11:55 p.m.",https://merojob.com/video-program-producer/
Sales Development Associate (Ni…,Fusemachines Nepal,"Kamaladi, Kathmandu","Online, Research, Skill, Communication, Google, Apps","April 6, 2021, 11:55 p.m.",https://merojob.com/sales-development-associate-nightevening-shift-2/
Outreach Worker (ORW),Trisuli Plus Community Action Group,"Dhangadhi, Kailali (Frequent travel to project district)","Interpersonal, Communication, Time, Management, Reporting","April 5, 2021, 5 p.m.",https://merojob.com/outreach-worker-orw-2/
Team Leader,Trisuli Plus Community Action Group,"Dhangadhi, Kailali (Frequent travel to project district)","Record, Keeping, Interpersonal, Communication, Time, Management","April 5, 2021, 5 p.m.",https://merojob.com/team-leader-46/
District Project Coordinator (D…,Trisuli Plus Community Action Group,"Dhangadhi, Kailali (Frequent travel to project district)","Record, Keeping, Interpersonal, Communication, Time, Management, Documentation","April 5, 2021, 5 p.m.",https://merojob.com/district-project-coordinator-dpc-3/
Program Support Coordinator,Trisuli Plus Community Action Group,"Dhangadhi, Kailali (Frequent travel to project district)","Interpersonal, Communication, Time, Management, Documentation","April 5, 2021, 5 p.m.",https://merojob.com/program-support-coordinator/
Admin/Logistic Assistant (ALA),Trisuli Plus Community Action Group,"Dhangadhi, Kailali (Frequent travel to project district)","Interpersonal, Communication, Time, Management, Microsoft, Office, Suite","April 5, 2021, 5 p.m.",https://merojob.com/adminlogistic-assistant-ala/
Admin/Finance Officer (AFO),Trisuli Plus Community Action Group,"Dhangadhi, Kailali (Frequent travel to project district)","Interpersonal, Communication, Accounting, Microsoft, Office, Suite","April 5, 2021, 5 p.m.",https://merojob.com/adminfinance-officer-afo-2/
Fullstack Developer (PHP),UBA Solutions,"Thadodhunga Chowk, Jhamsikhel Road-3, Lalitpur, Nepal","Programming, Skills, Apis, Nosql, Database, Nodejs","April 10, 2021, 11:55 p.m.",https://merojob.com/software-engineer-121/
Admin and Finance Officer (AFO),"Social Awareness Center(SAC) Nepal,Surkhet","Project Office, Dolpa, (With frequently field visit in proj…","Interpersonal, Communication, Time, Management","March 31, 2021, 11:55 p.m.",https://merojob.com/admin-and-finance-officer-afo/
Program Coordinator (PC),"Social Awareness Center(SAC) Nepal,Surkhet","Project Office, Dolpa, (With frequently field visit in proj…","Interpersonal, Communication, Time, Management","March 31, 2021, 11:55 p.m.",https://merojob.com/program-coordinator-pc-3/
Country Director,Action Against Hunger,NULL,"Strategic, Planning, Leadership, Management, Communication","April 12, 2021, 5 p.m.",https://merojob.com/country-director-27/
Student Service Officer,International School of Management and Technology (ISMT),"Pokhara, Nepal","Interpersonal, Counselling, School, Administration","April 8, 2021, 11:55 p.m.",https://merojob.com/student-service-officer-3/
Database Management System & Da…,International School of Management and Technology (ISMT),"Kathmandu, Nepal","Data, Structure, And, Algorithm, App, Development, Sql, C/C++, Database, Management","April 8, 2021, 11:55 p.m.",https://merojob.com/database-management-system-data-structure-and-algorithm/
Admin Associate,daraz,Kathmandu,"Communication, Time, Management, Interpersonal, Multitasking","April 8, 2021, 11:55 p.m.",https://merojob.com/admin-associate-8/
Geologist,RM Group,Out of Valley,"Communication, Auditing, Research, Reporting, Financial, Forecasting","April 2, 2021, 11:55 p.m.",https://merojob.com/geologist-46/
Backend Developer (Python),Tekvortex,"Harihar Bhawan, Pulchowk","Data, Analytics, Big, Data, Python, Backend","April 5, 2021, 11:55 p.m.",https://merojob.com/backend-developer-python-11/
Full Stack Developer (Python),Tekvortex,"Pulchowk, Lalitpur","React, Communication, Vuejs, Django, Framework, Python","April 5, 2021, 11:55 p.m.",https://merojob.com/full-stack-developer-python-4/
Data Scientist,Tekvortex,"Pulchowk, Lalitpur","Data, Analysis, Python, Statistical, Modelling","April 5, 2021, 11:55 p.m.",https://merojob.com/data-scientist-6/
Project Management Officer,SeeLogic International,Kathmandu,"Interpersonal, Communication, Time, Management","April 5, 2021, 11:55 p.m.",https://merojob.com/project-management-officer-4/
Sales Support Executive,SeeLogic International,Kathmandu,"Interpersonal, Communication, Time, Management","April 5, 2021, 11:55 p.m.",https://merojob.com/sales-support-executive-6/
Sales Executive,SeeLogic International,Kathmandu,"Interpersonal, Communication, Time, Management","April 5, 2021, 11:55 p.m.",https://merojob.com/sales-executive-624/
"Project Assistant, Junior Busin…",SeeLogic International,Kathmandu,"Interpersonal, Communication, Time, Management, Microsoft, Office, Suite","April 5, 2021, 11:55 p.m.",https://merojob.com/project-assistant-junior-business-analyst/
Project Coordinator,VSO Nepal,Baglung,NULL,"April 1, 2021, 11:55 p.m.",https://merojob.com/project-coordinator-210/
Monitoring and Evaluation Coord…,VSO Nepal,Nepal,NULL,"April 1, 2021, 11:55 p.m.",https://merojob.com/monitoring-and-evaluation-coordinator-2/
National Volunteer – Learning A…,VSO Nepal,Nepal,"Interpersonal, Communication, Problem, Solving","April 10, 2021, 11:55 p.m.",https://merojob.com/national-volunteer-learning-advisor/
IT Operations Officer,Innovate Nepal Group,Kathmandu,"Switching, Routing, Linux, Cisco, Virtualization, Mikrotik, Windows, Server, Networking, Wireless","March 31, 2021, 11:55 p.m.",https://merojob.com/it-operations-officer-2/
Subject Expert- Online BBA Degr…,Innovate Tech,Kathmandu,NULL,"April 2, 2021, 11:55 p.m.",https://merojob.com/content-expert-online-bba-degree/
Maths Teacher Lower Secondary,Matribhumi School,Kathmandu,"Interpersonal, Leadership, Communication, Problem, Solving, Presentation","April 5, 2021, 11:55 p.m.",https://merojob.com/maths-teacher-lower-secondary-5/
UI/UX designer,Maruti Global Express,Lalitpur/Butwal,"Figma, Adobexd","April 4, 2021, 11:55 p.m.",https://merojob.com/uiux-designer-64/
Export Documentation Officer,Felt and Yarn,Kathmandu,"Communication, Multitasking, Time, Management, Teamwork, Ms-Office","April 1, 2021, 11:55 p.m.",https://merojob.com/export-documentation-officer/
Business Development Officer,Mukundo.COM,Kirtipur,NULL,"April 4, 2021, 11:55 p.m.",https://merojob.com/business-development-officer-452/
Site Supervisor,NULL,Kathmandu,"Interpersonal, Communication, Multitasking, Time, Management","March 30, 2021, 11:55 p.m.",https://merojob.com/site-supervisor-46/
Data Coordinator (Night Shift),Centrix,"Bansbari Road, Kathmandu, Nepal","Persuasive, Counselling, Telesales, Telephonic, English, Customer, Service, Telemarketing","March 30, 2021, 11:55 p.m.",https://merojob.com/data-coordinator-2/
Full stack React. Js / Node.js …,Dzango Technologies Limited,Kathmandu,"Database, Management, Node.Js, React, Web, Architecture","April 1, 2021, 11:55 p.m.",https://merojob.com/full-stack-react-js-nodejs-full-stack-developer/
Director of Teacher Training an…,Karkhana,Kathmandu,NULL,"March 30, 2021, 11:55 p.m.",https://merojob.com/director-of-teacher-training-and-curriculum-development/
Maternal Newborn Child Health a…,USAID’s Strengthening Systems for Better Health (SSBH) Activity,Surkhet,"Fluency, In, English","April 3, 2021, 11:55 p.m.",https://merojob.com/maternal-newborn-child-health-and-family-planning-mnch-fp-specialist-6/
Technical Program Officer,USAID’s Strengthening Systems for Better Health (SSBH) Activity,"Surkhet, Karnali Province, Nepal","Communication, Writing","April 3, 2021, 11:55 p.m.",https://merojob.com/technical-program-officer-2/
Technical Officer – Health Info…,USAID’s Strengthening Systems for Better Health (SSBH) Activity,Jumla,"Communication, Skills, Report, Writing, Analytical","April 3, 2021, 11:55 p.m.",https://merojob.com/technical-officer-health-information-systems-5/
Sales & Marketing Executive,Brisk Forwarding,"Gairidhara, Kathmandu, Central Development Region, Nepal","Leadership, Marketing, Ms, Office, Hindi, Communication, Sales, Planning, Analytical, Sales","March 31, 2021, 11:55 p.m.",https://merojob.com/sales-marketing-executive-117/
Database Administrator,Deerwalk Services,"Kathmandu, Nepal","Decision, Making, Communication, Analytical, Time, Management","April 8, 2021, 11:55 p.m.",https://merojob.com/database-administrator-23/
Senior ReactJs Developer,Algo Craft,"Maitidevi, Kathmandu","Javascript, Svn, Git, Restful, Apis, React.Js","March 31, 2021, 11:55 p.m.",https://merojob.com/senior-reactjs-developer-3/
Marketing Executive,Titanium Technologies,Kathmandu,"Communication, Interpersonal, Marketing, Presentation, Negotiation","March 31, 2021, 11:55 p.m.",https://merojob.com/marketing-execuitve-2/
Area Sales Manager,Prime International,"Kathmandu, Chitwan (NarayanGhat) , Koshi, Mechi","Customer, Relationship, Management, Communication, Multitasking, Teamwork, Time, Management, Sales","March 31, 2021, 11:55 p.m.",https://merojob.com/area-sales-manager-210/
Software Marketing Executive,Cloudtai,"Shantinagar, Kathmandu","Interpersonal, Communication, Marketing, Time, Management, Problem, Solving","April 3, 2021, 11:55 p.m.",https://merojob.com/software-marketing-executive-2/
Customer Service Representative,Foodmandu,Kathmandu,"Customer, Relationship, Management, Communication, Multitasking, Teamwork, Time, Management, Customer, Service","March 31, 2021, 11:55 p.m.",https://merojob.com/customer-service-representative-145/
Frontend Developer,Chulo Solutions,Kathmandu,"Html, Css, Javascript, React, Angular, Communication","April 5, 2021, 11:55 p.m.",https://merojob.com/frontend/
Backend Developer,Chulo Solutions,Kathmandu,"Data, Analytics, Backend, Django, Framework, Laravel, Framework, Python","April 5, 2021, 11:55 p.m.",https://merojob.com/backend-developers-3/
Fiber Technician,Smarten Technologies,Kathmandu,NULL,"April 7, 2021, 11:55 p.m.",https://merojob.com/fiber-technician-13/
Brand Officer,Saurabh Group,Kathmandu,"Planning, Communication, Organizational, Teamwork","April 2, 2021, 11:55 p.m.",https://merojob.com/brand-officer-34/
Account Assistant / Teller,NULL,"Thapathali, Kathmandu","Interpersonal, Communication, Organizational, Microsoft, Office, Suite","April 7, 2021, 11:55 p.m.",https://merojob.com/account-assistant-teller/
Kitchen Assistant,New Business Age,"Thapathali, Kathmandu","Communication, Time, Management, Problem, Solving","April 7, 2021, 11:55 p.m.",https://merojob.com/kitchen-assistant-female/
Business Development Manager,Executive Search- merojob,NULL,"Good, Communication, Skills, Good, Business, Knowledge, Tact, And, Diplomacy, Good, Leadership, Skills","March 30, 2021, 11:55 p.m.",https://merojob.com/business-development-manager-270/
Dot Net Developer,Executive Search- merojob,kathmandu,"Dot, Net, Producing, Code, Using, .Net, (C#), Sql, Server, Classic, Asp, Asp.Net","March 30, 2021, 11:55 p.m.",https://merojob.com/dot-net-developer-65/
WordPress Developer,Chuchuro Firm,"Sinamangal, Kathmandu","Php, Html, Css, Jquery, Css3, Wordpress","April 6, 2021, 11:55 p.m.",https://merojob.com/wordpress-developer-220/
परामर्शदाता (स्थानीय तहमा प्रकोप …,USAID’s Strengthening Systems for Better Health (SSBH) Activity,Surkhet and Selected Municipalities,"Interpersonal, Communication, Time, Management","March 31, 2021, 11:55 p.m.",https://merojob.com/-4005/
परामर्शदाता (स्थानीय स्तरमा स्वास्थ्य…,USAID’s Strengthening Systems for Better Health (SSBH) Activity,Surkhet and Selected Municipalities,"Interpersonal, Communication, Time, Management","March 31, 2021, 11:55 p.m.",https://merojob.com/-4006/
परामर्शदाता (स्वास्थ्य आपूर्ति व्यवस्थ…,USAID’s Strengthening Systems for Better Health (SSBH) Activity,Surkhet and Selected Municipalities,"Interpersonal, Communication, Time, Management","March 31, 2021, 11:55 p.m.",https://merojob.com/-4004/
Social Media Executive,Max Lagence,Kupondole Lalitpur,"Interpersonal, Public, Relations, Communication, Teamwork, Customer, Service","April 1, 2021, 11:55 p.m.",https://merojob.com/social-media-executive-16/
Secondary Level Part Time Teach…,Valley Public Higher Secondary School,Budhanilkantha,"Presentation, Leadership, Communication, Teamwork","April 1, 2021, 11:55 p.m.",https://merojob.com/secondary-level-part-time-teacher/
Pre-Primary In Charge (Nursery …,Valley Public Higher Secondary School,Budhanilkantha,"Interpersonal, Communication, Multitasking, Time, Management, Problem, Solving","April 1, 2021, 11:55 p.m.",https://merojob.com/pre-primary-in-charge-nursery-to-grade-5/
Python Developer,Fusemachines Nepal,"Kamaladi, Kathmandu","Python, Debugging, Html5, Css3","April 6, 2021, 11:55 p.m.",https://merojob.com/python-developer-34/
Graphic Designer,Claé Creatives,Kathmandu,"Infographics, Adobe, Illustrator, Adobe, Indesign, Adobe, Photoshop","April 5, 2021, 11:55 p.m.",https://merojob.com/graphic-designer-820/
Principal,Manjughoksha Academy,"Kathmandu, Nepal","Interpersonal, Critical, Thinking, Decision, Making, Communication, Time, Management","April 1, 2021, 11:55 p.m.",https://merojob.com/principal-91/
Health Systems Officers,USAID’s Strengthening Systems for Better Health (SSBH) Activity,NULL,"Interpersonal, Writing, Team, Leadership, Problem, Solving","March 30, 2021, 11:55 p.m.",https://merojob.com/health-systems-officers-2/
Technical Writer,Deerwalk Services,NULL,"Interpersonal, Communication, Google, Docs, Microsoft, Office, Suite","April 3, 2021, 11:55 p.m.",https://merojob.com/technical-writer-26/
Senior Backend JavaScript Devel…,Proshore Nepal,"Tinkune Marg, Kathmandu, Nepal","Analytical, Communication, Teamwork, Problem, Solving","April 2, 2021, 11:55 p.m.",https://merojob.com/senior-backend-javascript-developer/
UI/UX Developer,Proshore Nepal,"Tinkune, Kathmandu","Html, Css, Meticulous, Sketch, Problem, Solving","April 2, 2021, 11:55 p.m.",https://merojob.com/uiux-developer-17/
Data Engineer,Fusemachines Nepal,"Kamaladi, Kathmandu","Big, Data, Apache, Spark, Aws/Gcp","March 30, 2021, 11:55 p.m.",https://merojob.com/big-data-engineer-4/
Java Developer,Software Development House Nepal,Kupondole,"Html, Jquery, Javascript, Java, And, Object, Oriented, Programming","April 1, 2021, 11:55 p.m.",https://merojob.com/java-developer-129/
Secondary Maths Teacher,The British School,Kathmandu,"Teaching, Communication, Time, Management, Problem, Solving","March 30, 2021, 11:55 p.m.",https://merojob.com/secondary-maths-teacher-temporary-position/
Secondary EAL Learning Support,The British School,Kathmandu,"Teaching, Communication, Multitasking, Time, Management","March 30, 2021, 11:55 p.m.",https://merojob.com/secondary-eal-support-teacher/
Senior Full Stack Node/React JS…,Executive Search- merojob,"Kathmandu, Bagmati","Aws/Azure/Gcp, Reactjs-Framework, Javascript, (Es6), Docker-Sqs/Sns-Aws, Lambda","April 1, 2021, 2:05 p.m.",https://merojob.com/senior-full-stack-nodereact-js-developer-4/
Lead Engineer,Executive Search- merojob,"Kathmandu, Bagmati","Saas, Ec2-Ebs-S3-Sns-Rds-Lambda-Fargate, Docker-Kubernetes, React/Node, Js, Aws-Azure-Google, Cloud","April 1, 2021, 3:10 p.m.",https://merojob.com/lead-engineer-3/
BBA Co-ordinator,Executive Search- merojob,kathmandu,"Effective, Teamwork, Process, Oriented., Effective, Time, Management., Organizing, Skills","April 10, 2021, 11:55 p.m.",https://merojob.com/bba-co-ordinator-5/
Linux System Engineer,Verisk Nepal,Kathmandu,"Linux, Bash, Communication, Python","March 31, 2021, 11:55 p.m.",https://merojob.com/linux-system-engineer/
Java Developer,Verisk Nepal,Lalitpur,"Aws, Java, Postgresql, Troubleshooting","March 31, 2021, 11:55 p.m.",https://merojob.com/java-developer-126/
Python Developer,Verisk Nepal,Lalitpur,"Python, Django, Framework, React, Postgresql","March 31, 2021, 11:55 p.m.",https://merojob.com/python-developer-33/
Database Administrator,Verisk Nepal,Kathmandu,"Postgresql, Mysql, Database, Administration","March 31, 2021, 11:55 p.m.",https://merojob.com/database-administrator-22/
Data QA Engineer,Verisk Nepal,Lalitpur,"Automation, Tester, Database, Python, Javascript","March 31, 2021, 11:55 p.m.",https://merojob.com/data-qa-engineer/
ETL Developer,Verisk Nepal,Kathmandu,"Etl, Sql, Programming","March 31, 2021, 11:55 p.m.",https://merojob.com/etl-developer-6/
Dot Net Developer,Verisk Nepal,Kathmandu,"Python, Aws, Services, Communication, Asp.Net","March 31, 2021, 11:55 p.m.",https://merojob.com/dot-net-developer-60/
Senior NOSQL Administrator,Verisk Nepal,Lalitpur,"Nosql, Troubleshooting, Multitasking, Problem, Solving","March 31, 2021, 11:55 p.m.",https://merojob.com/senior-nosql-administrator/
Sales Representative,CM Trading Enterprises,"Baneshwor, Shankhamul, Koteshwor, Bhaktapur","Interpersonal, Communication, Multitasking, Time, Management","April 14, 2021, 11:55 p.m.",https://merojob.com/sales-representative-191/
Graphic Designer,Khalti Digital Wallet,"Bakhundole, Lalitpur","Interpersonal, Marketing, Management, Communication, Photoshop","April 9, 2021, 11:55 p.m.",https://merojob.com/graphic-designer-826/
Corporate Finance Manager/ Inte…,NULL,Kathmandu,"Presentation, Communication, Documentation","April 6, 2021, 11:55 p.m.",https://merojob.com/asst-legal-officerlegal-officer/
Medical Call Center Representat…,International Communication Company,Kathmandu Nepal,"Communication, Microsoft, Office, Suite, Interpersonal","April 10, 2021, 11 p.m.",https://merojob.com/medical-call-center-representative/
Counsellor,US Broadways Consult,Kathmandu,"Counselling, Leadership, Decision, Making, Communication, Problem, Solving","April 3, 2021, 11:55 p.m.",https://merojob.com/female-counsellor/
Graphic Designer,Weemigo Nepal,Kathmandu,"Indesign, Multitasking, Photoshop, Illustrator","April 6, 2021, 11:55 p.m.",https://merojob.com/graphic-designer-824/
Finance and Administration Offi…,Agriterra Nepal,"Kathmandu, Nepal","Interpersonal, Administration, Accounting, Microsoft, Office, Suite","April 14, 2021, 11:55 p.m.",https://merojob.com/finance-and-administration-officer-15/
Account Management Associate,Genese Solution,Kathmandu,"Interpersonal, Communication, Teamwork, Account, Management, Sales, Technology, Customer, Service","April 9, 2021, 11:55 p.m.",https://merojob.com/account-management-associate/
Program Documentation Specialist,Helen Keller International,"Kathmandu, Nepal","Interpersonal, Communication, Time, Management","April 2, 2021, 11:55 p.m.",https://merojob.com/program-documentation-specialist-2/
Fellows for Disaster Risk Reduc…,Youth Innovation Lab,Kathmandu,"Interpersonal, Communication, Time, Management","April 14, 2021, 5 p.m.",https://merojob.com/fellows-for-disaster-risk-reduction-young-leaders-fellowship-2/
Sales & Marketing Manager,Hard Rock Cafe,Kathmandu,"Communication, Interpersonal, Management, Marketing","April 9, 2021, 11:55 p.m.",https://merojob.com/sales-marketing-manager-76/
Executive Chef,Hard Rock Cafe,Kathmandu,"Interpersonal, Management, Communication","April 9, 2021, 11:55 p.m.",https://merojob.com/executive-chef-84/
General Manager,Hard Rock Cafe,Kathmandu,"Marketing, Technical, &, Reasoning, Management, Communication, Language","April 9, 2021, 11:55 p.m.",https://merojob.com/general-manager-232/
Networking Associate,Sage Nepal,Work from Home/Nepal Office (Sanepa),"Interpersonal, Communication, Teamwork, Problem, Solving","April 5, 2021, 11:55 p.m.",https://merojob.com/networking-associate/
Systems Engineer (Senior Techno…,Tech One Global,Kathmandu,"Presentation, Project, Management, Analytical, Problem, Solving","April 8, 2021, 11:55 p.m.",https://merojob.com/systems-engineer-senior-technology-specialist/
Nepali teacher (Secondary Level),Kathmandu Vidya Kunja Secondary School,Tokha,"Curriculum, Development, Presentation, Leadership, Communication","April 5, 2021, 11:55 p.m.",https://merojob.com/nepali-teacher-secondary/
Sales Associate -US Based (Nigh…,Maven Global Ventures,Lalitpur,"Spreadsheets, Communication, Negotiation, Microsoft, Office, Suite","April 5, 2021, 11:55 p.m.",https://merojob.com/sales-associate-us-based-4/
Web Designer,Maven Global Ventures,Lalitpur,"Jquery, Illustration, Photoshop, Css3","April 2, 2021, 12:55 a.m.",https://merojob.com/web-designer-497/
Web Developer,Maven Global Ventures,Lalitpur,"Html5, Jquery, Css, Javascript, Sketch, Bootstrap, Sql, Figma, Abstract, Photoshop, Gumby, Illustration, Nosql","April 2, 2021, 11:55 p.m.",https://merojob.com/web-developerweb-designer-2/
Senior Software Developer,BM Nepal,"Lainchaur, close the the British Embassy","Php, Javascript, Node.Js, React.Js, Mysql","April 13, 2021, 11:55 p.m.",https://merojob.com/senior-software-developer-22/
Software Developer,BM Nepal,"Lainchaur, close to the British Embassy","Laravel, Framework, Php, Javascript, React, Angular, Node.Js, Mysql","April 13, 2021, 11:55 p.m.",https://merojob.com/software-developer-132/
महानिर्देशक,Federation of Handicraft Associations of Nepal,"Kathmandu, Nepal","Interpersonal, Communication, Time, Management","April 12, 2021, 4 p.m.",https://merojob.com/-4060/
Customer Consultant,Yodha,New Baneshwor,"Proficient, In, English, Creative, Thinking, Writing","April 13, 2021, 11:55 p.m.",https://merojob.com/customer-consultant-5/
Communication Intern,Progress Inc.,"Kathmandu, Nepal","Interpersonal, Communication, Teamwork","April 9, 2021, 5 p.m.",https://merojob.com/communication-intern-3/
Account Officer,Option Educational Consultancy,Kathmandu,"Analytical, Communication, Teamwork, Accounting","April 5, 2021, 11:55 p.m.",https://merojob.com/account-officer-418/
Community Development and Outre…,Progress Inc.,"Kathmandu, Nepal","Interpersonal, Management, Communication, Teamwork","April 9, 2021, 5 p.m.",https://merojob.com/community-development-and-outreach-intern/
Japanese Language Teacher,LeadX Nepal,"Mid-Valley International, Kathmandu",NULL,"April 2, 2021, 5 p.m.",https://merojob.com/japanese-language-teacher-13/
Librarian,NULL,"Imadole, Lalitpur","Communication, Multitasking, Time, Management, Problem, Solving","April 2, 2021, 11:55 p.m.",https://merojob.com/librarian-138/
Graphic Designer,Genese Solution,Kathmandu,"Communication, Indesign, Photoshop, Illustration","April 5, 2021, 11:55 p.m.",https://merojob.com/graphic-designer-823/
Senior Officer – Strategy Manag…,EBPearls,"EB Pearls Group, Corporate Office, Lalitpur","Problem, Solving, Communication, Analytical, Microsoft, Office, Suite","April 14, 2021, 11:55 p.m.",https://merojob.com/senior-officer-strategy-management/
Area Sales Representative,NULL,Lalitpur,"Communication, Interpersonal, Marketing","April 2, 2021, 11:55 p.m.",https://merojob.com/area-sales-representatives-3/
Technical Sales Executive,NULL,Lalitpur,"Communication, Interpersonal, Marketing, Technical","April 2, 2021, 11:55 p.m.",https://merojob.com/technical-sale-executive-2/
Senior Finance and Admin Coordi…,Vertical Biodiversity Fund,Dharan,NULL,"April 10, 2021, 11:55 p.m.",https://merojob.com/senior-finance-and-admin-coordinator-3/
Sales & Operation Officer,NULL,"Sundhara, Kathmandu","Sales, Communication, Interpersonal, Multitasking, Time, Management","April 5, 2021, 11:55 p.m.",https://merojob.com/sales-operation-officer/
Senior Accountant,Surya Paints & Chemical Industry,"Kathmandu, Nepal","Account, Management, Analytical, Time, Management, Taxation, Microsoft, Office, Suite","April 2, 2021, 11:55 p.m.",https://merojob.com/senior-accountant-280/
Marketing Officer,Surya Paints & Chemical Industry,Kathmandu,"Leadership, Project, Coordination, Communication, Teamwork, Time, Management, Project, Management","April 5, 2021, 11:55 p.m.",https://merojob.com/engineers-27/
Agri-Business Officer,aQysta Nepal,"Lalitpur, Nepal","Planning, Communication, Organizational, Teamwork","April 2, 2021, 11:55 p.m.",https://merojob.com/agri-business-officer/
Marketing Manager,Lama Estate,"Boudha 6, Kathmandu","Marketing, Communication, Indesign, Photoshop, Illustration","April 1, 2021, 11:55 p.m.",https://merojob.com/marketing-manager-627/
Mid level .Net Developer,Teksewa,Kathmandu,"Webapi, Xamarin, Webforms, Asp.Net, .Netcore","April 1, 2021, 11:55 p.m.",https://merojob.com/mid-level-net-developer-xamarin-development-is-a-plus/
Training & Implementation Offic…,Aegis Software,NULL,"Training, And, Development, Management, Communication, Hardware, &, Networking, Basic, Hotel, &, Restaurant, Basic, Accounting, Basic","April 1, 2021, 11:55 p.m.",https://merojob.com/training-implementation-executive/
Primary Level Grade Teacher,Kathmandu Vidya Kunja Secondary School,Tokha,"Interpersonal, English, Language, Proficiency, Communication, Early, Childhood, Care, Writing","April 1, 2021, 11:55 p.m.",https://merojob.com/primary-level-grade-teacher-8/
Art Teacher,Kathmandu Vidya Kunja Secondary School,Tokha,"Communication, Presentation, Organizational, Problem, Solving","April 1, 2021, 11:55 p.m.",https://merojob.com/art-teacher-16/
Receptionist,Kathmandu Vidya Kunja Secondary School,Tokha,"Interpersonal, Communication, Record, Management, Data, Entry","April 1, 2021, 11:55 p.m.",https://merojob.com/receptionist-1406/
Librarian,Kathmandu Vidya Kunja Secondary School,Dhapasi,"Data, Entry, Child-Centered, Learning, Library, Management, Record, Management","April 1, 2021, 11:55 p.m.",https://merojob.com/librarian-135/
Math Teacher Primary/Lower Seco…,Kathmandu Vidya Kunja Secondary School,Tokha,"Communication, Interpersonal, Presentation, Leadership","April 1, 2021, 11:55 p.m.",https://merojob.com/math-teacher-primary-level-4/
Graphic and Video Designer,Creative Touch Garment Industry,"Ropeway Sadak, Kathmandu","Social, Media, Communication, Graphicdesign, Teamwork, Videodesign","April 1, 2021, 11:55 p.m.",https://merojob.com/graphic-and-video-designer-2/
Area Sales Manager,Call Mobility,"Nepalgunj , Butwal","Leadership, Communication, Negotiation, Organizational, Customer, Service, Ms-Office","April 1, 2021, 11:55 p.m.",https://merojob.com/area-sales-manager-211/
IT Executive,Team Quest,Kathmandu,"Interpersonal, Communication, Organizational, Teamwork","April 9, 2021, 11:55 p.m.",https://merojob.com/it-executive-24/
Pre/Primary English Teacher,Apple Seeds School,"Jorpati, Kathmandu","Basic, Computer, Skills, Communication, English, Spoken, Montessori, Teaching, Interpersonal","April 1, 2021, 11:55 p.m.",https://merojob.com/preprimary-english-teacher-2/
Finance Executive,Sage Nepal,Sanepa,"Problem, Solving, Analytical, Taxation, Accounting, Microsoft, Office, Suite","April 1, 2021, 11:55 p.m.",https://merojob.com/finance-executive-24/
Data Entry,Emerald Group,Tinkune,"Computer, Operation, Tally, Data, Entry, Ms-Office","April 1, 2021, 11:55 p.m.",https://merojob.com/data-entry-39/
Country Director,Population Services International/Nepal,Kathmandu,NULL,"April 7, 2021, 11:55 p.m.",https://merojob.com/country-director-26/
HR Officer,Population Services International/Nepal,Kathmandu,NULL,"April 7, 2021, 11:55 p.m.",https://merojob.com/hr-officer-203/
Android Developer,Saathi Online,Kathmandu,NULL,"April 1, 2021, 11:55 p.m.",https://merojob.com/android-developer-172/
Marketing officer,Saathi Online,Kathmandu,"Interpersonal, Customer, Relationship, Management, Communication, Multitasking, Ms-Office","April 1, 2021, 11:55 p.m.",https://merojob.com/marketing-officer-1074/
Marketing Head,Saathi Online,Kathmandu,"Communication, Marketing, Public, Speaking","April 1, 2021, 11:55 p.m.",https://merojob.com/marketing-head-32/
Graphic Designer,Saathi Online,Kathmandu,NULL,"April 1, 2021, 11:55 p.m.",https://merojob.com/graphic-designer-816/
Market Representative,Seven States Property,"Kathmandu, Lalitpur, Bhaktapur","Communication, Marketing, Customer, Relationship, Management","March 31, 2021, 11:55 p.m.",https://merojob.com/market-representative-107/
Lecturer,Advanced College of Engineering and Management,"Kupondole, Lalitpur","Teaching, Interpersonal, Communication, Time, Management","March 31, 2021, 11:55 p.m.",https://merojob.com/lecturer-137/
Lab Instructor,Advanced College of Engineering and Management,"Kupondole, Lalitpur","Interpersonal, Communication, Time, Management, Problem, Solving","March 31, 2021, 11:55 p.m.",https://merojob.com/lab-instructor-7/
Lab Assistant,Advanced College of Engineering and Management,"Kupondole, Lalitpur","Interpersonal, Communication, Time, Management, Teaching","March 31, 2021, 11:55 p.m.",https://merojob.com/lab-assistant-71/
Statistical Programmer,Numeric Mind,"Kathmandu, Nepal","Statistical, Modelling, Data, Analysis, Python, Computer, Science","April 3, 2021, 11:55 p.m.",https://merojob.com/statistical-programmer/
Technical Support Officer,MiDas Technologies,Kathmandu,"Technical, Communication, Problem, Solving, Interpersonal","April 7, 2021, 11:55 p.m.",https://merojob.com/technical-support-officer-28/
Operation Incharge,Jump KTM,Mandikatar,"Communication, Account, Management, Tally, Analytical, Accounting","March 31, 2021, 11:55 p.m.",https://merojob.com/operation-incharge-11/
Data Entry,J & T Associates,"Kathmandu, Nepal","Microsoft, Office, Suite, Communication, Time, Management, Problem, Solving","March 31, 2021, 11:55 p.m.",https://merojob.com/data-entry-38/
Associate Developer,FOCUSONE Payment Solutions,"Kamaladi, Kathmanu","Leadership, Communication, Teamwork, Documentation","March 31, 2021, 11:55 p.m.",https://merojob.com/associate-developer/
GCE A Level Program Coordinator,Little Angels College of Management ( LACM),Lalitpur,"Interpersonal, Communication, Leadership, Time, Management","March 31, 2021, 11:55 p.m.",https://merojob.com/gce-a-level-program-coordinator/
Assistant Boys Warden,United Academy,Kathmandu,"Leadership, Communication, Decision, Making, Problem, Solving","March 30, 2021, 11:55 p.m.",https://merojob.com/assistant-boys-warden/
Communication Manager,Everest Experience and Assistance,"Kathmandu, Nepal",NULL,"April 2, 2021, 11:55 p.m.",https://merojob.com/communication-manager-5/
React Native for Mobile,Sharelook PTE LTD,Kathmandu,"Api, Gateway, Javascript, Node.Js, Cognito, Aws, Amplify, Mobile, Application, Development","April 7, 2021, 11:55 p.m.",https://merojob.com/react-native-for-mobile-7/
Digital Marketing Expert,Sharelook PTE LTD,"Kathmandu, Nepal","Audacity, Creative, Premiere, Pro, Search, Engine, Optimization, (Seo), Final, Cut, Pro, Macos, Photoshop","April 8, 2021, 11:55 p.m.",https://merojob.com/digital-marketing-expert-20/
General Manager,Revive Leisure Park,"Mahalaxmisthan, Lagankhel, Lalitpur",Hospitality,"March 30, 2021, 11:55 p.m.",https://merojob.com/general-manager-230/
Audit Officer,NULL,"New Baneshwor,Kathmandu","Communication, Auditing, Taxation, Analytical, Accounting","March 30, 2021, 11:55 p.m.",https://merojob.com/audit-officer-7/
Manager,NULL,"Dumarwana, Bara, Nepal","Interpersonal, Communication, Time, Management, Problem, Solving","April 7, 2021, 11:55 p.m.",https://merojob.com/-4001/
Creative Content Writer,HLE Nepal,"Jawalakhel, Lalitpur, Nepal","Creative, Thinking, Decision, Making, Communication, Organizational, Teamwork","April 6, 2021, 11:55 p.m.",https://merojob.com/creative-content-writer-40/
Research Consultancy,CWISH,Kathmandu,"Interpersonal, Communication, Time, Management","April 4, 2021, 6 p.m.",https://merojob.com/research-consultancy/
Senior Backend Engineer (PHP),MAQE BANGKOK,Kathmandu Nepal,"Php, Javascript, Docker, Aws, Mysql, Node.Js, Codeigniter, Laravel","April 7, 2021, 11:55 p.m.",https://merojob.com/senior-backend-engineer-php/
Business Development Executive,Diyo A.I. Technology,"Baluwatar, Kathmandu","Interpersonal, Marketing, Management, Communication, Photoshop","April 5, 2021, 11:55 p.m.",https://merojob.com/business-development-executive-187/
Architect,Shrestha Consultant,Lalitpur,"Architect, 3D, Designing, Auotocad","April 6, 2021, 11:55 p.m.",https://merojob.com/architect-338/
Automobile Overseer,Pacific Engineering Co.,Outside Kathmandu valley,NULL,"March 30, 2021, 11:55 p.m.",https://merojob.com/automobile-overseer/
Instructor/Programmer,NULL,Putalisadak,"Instruction, Training, And, Development, Management, Verbal, Communication","March 31, 2021, 11:55 p.m.",https://merojob.com/instructorprogrammer/
Logistic and Admin Assistant,Eco Concern,Khumaltar Lalitpur,NULL,"April 6, 2021, 11:55 p.m.",https://merojob.com/project-manager-384/
Quality Analyst,INFICARE,Kathmandu,"Quality, Assurance, Record, Management, Problem, Solving","April 6, 2021, 11:55 p.m.",https://merojob.com/quality-analyst-47/
Laravel Developer,Initiative,Pulchowk-Lalitpur,"Php, Html, Javascript, Css3, Analytical","April 1, 2021, 11:55 p.m.",https://merojob.com/laravel-developer-67/
Assistant Recovery Audit Analys…,Flextecs Nepal,Kathmandu,NULL,"March 30, 2021, 11:55 p.m.",https://merojob.com/assistant-recovery-audit-analyst-entry-level/
Architect,Nepal Center for Engineering and Research,Kathmandu,"Revit, Microsoft, Excel, Microsoft, Word, Autocad, Sketchup","April 2, 2021, 11:55 p.m.",https://merojob.com/architect-336/
Sales Representative,Himalayan Life Plastic,Kathmandu,"Communication, Interpersonal, Management, Marketing","April 2, 2021, 11:55 p.m.",https://merojob.com/sales-representative-188/
Officer - Program (Prevention),Karuna Foundation Nepal,Bhojpur,"Communication, Multitasking, Time, Management, Analytical","April 2, 2021, 5 p.m.",https://merojob.com/officer-program-prevention-3/
Officer - IT,Karuna Foundation Nepal,Sunsari,"Communication, Multitasking, Time, Management","April 2, 2021, 5 p.m.",https://merojob.com/officer-it-6/
Officer-Monitoring and Evaluati…,Karuna Foundation Nepal,Sankhuwasabha,"Communication, Analytical, Time, Management, Microsoft, Office, Suite","April 2, 2021, 5 p.m.",https://merojob.com/officer-monitoring-and-evaluation-me-team-leader/
Credit Analyst,HLE Nepal,"Jawalakhel,Lalitpur","Interpersonal, Communication, Resilient, Energetic, Solution, Focus","April 26, 2021, 11:55 p.m.",https://merojob.com/credit-analyst-7/
Assistant Project Manager,IIMI Asia Pacific,"Kathmandu, Nepal","Interpersonal, Time, Management, Microsoft, Office, Suite, Communication","March 31, 2021, 11:55 p.m.",https://merojob.com/assistant-project-manager-14/
Human Resources Manager,IIMI Asia Pacific,"Kathmandu, Nepal","Organizational, Time, Management, Interpersonal, Microsoft, Office, Suite","March 31, 2021, 11:55 p.m.",https://merojob.com/human-resources-manager-23/
Marketing & Public Relation Off…,Genius IB World School,Lalitpur,"Communication, Multitasking, Teamwork, Time, Management, Customer, Service","March 31, 2021, 11:55 p.m.",https://merojob.com/marketing-and-public-relation-officer-4/
Librarian,Genius IB World School,Lalitpur,"Communication, Time, Management, Library, Management, Multitasking, Teamwork","March 31, 2021, 11:55 p.m.",https://merojob.com/librarian-136/
Primary Grade Teacher,Genius IB World School,Lalitpur,"Communication, Multitasking, Classroom, Management, Teamwork, Time, Management","March 31, 2021, 11:55 p.m.",https://merojob.com/primary-grade-teacher-23/
Middle School Teacher (VI to VI…,Genius IB World School,Lalitpur,"Communication, Time, Management, Multitasking, Teamwork, Classroom, Management","March 31, 2021, 11:55 p.m.",https://merojob.com/middle-school-teacher-vi-to-viii/
Administrative Officer,Genius IB World School,Lalitpur,"Communication, Multitasking, Administrative, Customer, Service, Temworking","March 31, 2021, 11:55 p.m.",https://merojob.com/administrative-officer-135/
Receptionist,Aspire Academy,Kathmandu,"Data, Entry, Interpersonal, Communication, Customer, Service, Ms-Office","April 1, 2021, 11:55 p.m.",https://merojob.com/receptionist-1408/
Peace Advisor (Thematic team de…,GIZ,Kathmandu,"Leadership, Ms, Office, Team, Building, Report, Writing, Research, Conducting","March 31, 2021, 11:55 p.m.",https://merojob.com/peace-advisor-thematic-team-dealing-with-past-civil-peace-service/
Peace Advisor (Psycho- social w…,GIZ,"Pokhara, Nepal","Leadership, Ms, Office, Team, Building, Report, Writing, Research, Conducting","March 31, 2021, 11:55 p.m.",https://merojob.com/peace-advisor-psycho-social-work-civil-peace-service/
Peace Advisor (Non Violent Comm…,GIZ,Kathmandu,"Leadership, Ms, Office, Team, Building, Report, Writing, Research, Conducting","March 31, 2021, 11:55 p.m.",https://merojob.com/peace-advisor-non-violent-communication-civil-peace-service/
Regional Behaviour Change Commu…,Population Services International/Nepal,Based in Eastern Regional Hub,NULL,"March 30, 2021, 11:55 p.m.",https://merojob.com/regional-behaviour-change-communication-officer/
Senior Monitoring & Evaluation …,Population Services International/Nepal,Based in Eastern Regional Hub,NULL,"March 30, 2021, 11:55 p.m.",https://merojob.com/senior-monitoring-evaluation-me-officer/
Android Developer,EBPearls,Kandevsthan,"Mvc, Architecture, Mvvm","April 5, 2021, 11:55 p.m.",https://merojob.com/android-developer-173/
Quality Analyst,EBPearls,Kandevsthan,"Agile/Scrum, Quality, Assurance, Record, Management, Problem, Solving","April 5, 2021, 11:55 p.m.",https://merojob.com/quality-analyst-46/
Wordpress Developer,EBPearls,Lalitpur,"Jquery, Css, Javascript, Html5, Sass","April 5, 2021, 11:55 p.m.",https://merojob.com/wordpress-developer-218/
iOS Developer,EBPearls,Kandevsthan,"Cocoa, Touch, Coredata, Orm, And, Rdbms","April 5, 2021, 11:55 p.m.",https://merojob.com/ios-developer-108/
Node.js Developer,EBPearls,"Lalitpur, Nepal","Angular, Communication, Analytical, Vue.Js, Nosql","April 5, 2021, 11:55 p.m.",https://merojob.com/nodejs-developer-36/
Senior Software Engineer,HLE Nepal,"Jawalakhel,Lalitpur","Javascript, React, Angular, Node.Js, Python","March 30, 2021, 11:55 p.m.",https://merojob.com/senior-software-engineer-47/
International Executive Chef,Executive Search- merojob,Kathmandu,NULL,"April 1, 2021, 12:55 a.m.",https://merojob.com/international-executive-chef-3/
Head Pizza Chef / Sous Chef,Executive Search- merojob,Kathmandu,NULL,"April 1, 2021, 12:55 a.m.",https://merojob.com/head-pizza-chef-sous-chef/
Loan Processing Specialist (LPS),HLE Nepal,"Jawalakhel, Patan, Central Development Region, Nepal","Data, Entry, Communication, Time, Management, Problem, Solving, Customer, Service","April 21, 2021, 11:55 p.m.",https://merojob.com/loan-processing-specialist-lps-11/
Receptionist,NULL,Sinamangal Kathmandu,"Interpersonal, Administration, Communication, Computer, Operation, Accounting","March 31, 2021, 5:35 p.m.",https://merojob.com/receptionist-1403/
Sales Support Specialist,HLE Nepal,"Jawalakhel, Lalitpur, Nepal","Interpersonal, Attention, To, Detail, Time, Management, Customer, Service, Verbal, Communication","April 11, 2021, 11:55 p.m.",https://merojob.com/sales-support-3/
Loan Processing Specialist - Ou…,HLE Nepal,"Jawalakhel, Lalitpur, Nepal","Data, Entry, Communication, Problem, Solving, Customer, Service, Attention, To, Details","April 3, 2021, 11:55 p.m.",https://merojob.com/loan-processing-specialist-outsourcing-6/
Front-Desk Officer,Broadway Infosys Nepal,"Tinkune, Kathmandu","Communication, Time, Management, Data, Entry, Customer, Service, Ms-Office","March 31, 2021, 11:55 p.m.",https://merojob.com/front-desk-officer-778/
Senior Dot Net Developer,Websutra Information Technology,Kathmandu,"Angular, Ms-, Sql, Framework, Java, Script","April 9, 2021, 11:55 p.m.",https://merojob.com/senior-dot-net-developer-15/
Office Secretary,NULL,Kupondol,"Data, Entry, Interpersonal, Communication, Ms-Office","April 5, 2021, 11:55 p.m.",https://merojob.com/office-secretary-278/
Web Designer,Broadway Infosys Nepal,"Shriganesh Marg, Subidhanagar, Tinkune, Kathmandu 44600, Ne…","Ui/Ux, Creative, Thinking, Communication, Web, Design","April 5, 2021, 11:55 p.m.",https://merojob.com/web-designer-ui-ux-designer/
Digital Marketing,Techtronix Nepal,Kathmandu,"Project, Management, Multitasking, Html, Css, Javascript","April 10, 2021, 11:55 p.m.",https://merojob.com/digital-marketing-25/
Full Stack Developer,Aqore Software,New Baneshwor,"Angular, Asp.Net, Core, Ms, Sql, Server","April 10, 2021, 11:55 p.m.",https://merojob.com/full-stack-developer-53/
Content Writer,Techtronix Nepal,Lazimpat,"Communication, Proofreading, Search, Engine, Optimization, (Seo)","April 10, 2021, 11:55 p.m.",https://merojob.com/content-writer-321/
Receptionist,Sunera Nepal,"Kathmandu, Nepal","Interpersonal, Communication, Multitasking, Time, Management","April 8, 2021, 11:55 p.m.",https://merojob.com/receptionist-1411/
Document Controller,Sunera Nepal,"Kathmandu, Nepal","Management, Communication, Photoshop, Administration","April 8, 2021, 11:55 p.m.",https://merojob.com/document-controller-14/
Accountant,Sunera Nepal,"Kathmandu, Nepal","Multitasking, Time, Management, Analytical, Microsoft, Office, Suite, Accounting","April 8, 2021, 11:55 p.m.",https://merojob.com/female-accountant-2/
SEO Intern,Hansikar Technologies,"Shantinagar, Kathmandu","Marketing, Html, Css, Management, Wordpress","April 6, 2021, 11:55 p.m.",https://merojob.com/seo-intern-2/
Manager - Audit & Consulting Fi…,Bajgai & Associates,Kathmandu,"Interpersonal, Communication, Time, Management, Taxation, Accounting","April 7, 2021, 11:55 p.m.",https://merojob.com/ca-audit-and-compliance-manager/
Network Administrator / Engineer,International Organization,kathmandu,"Technical, Support, Network, Cabling, Software, /, Hardware, Repair, Software, Installation, Computer, Repair","April 4, 2021, 11:55 p.m.",https://merojob.com/network-administrator-26/
Senior QA Engineer,Altigen Communications Inc.,Kathmandu,".Net, C#, Voip, Python, Software, Quality, Assurance, Automation, Script","April 22, 2021, 11:55 p.m.",https://merojob.com/senior-qa-engineer-18/
Senior Research and Development…,Altigen Communications Inc.,Kathmandu,"Asp.Net, Core, Sql, Restful, Api, .Net, C#, Azure","April 22, 2021, 11:55 p.m.",https://merojob.com/senior-research-and-development-engineer/
Senior Software Engineer,Altigen Communications Inc.,Kathmandu,"Asp.Net, Core, Sql, Restful, Api, .Net, C#, Azure","April 22, 2021, 11:55 p.m.",https://merojob.com/sustaining-applications-engineer-2/
IT Marketing Executive,Avishkaram Technologies,"Putali Sadak, Kathmandu","Wordpress, Communication, Writing, Marketing","April 4, 2021, 11:55 p.m.",https://merojob.com/it-marketing-executive-2/
Sr. Net Developer,Avishkaram Technologies,"Putali Sadak, Kathmandu",Asp.Net,"April 4, 2021, 11:55 p.m.",https://merojob.com/sr-net-developer-15/
Housekeeping Executive,NULL,Thamel,"Communication, Customer, Relationship, Management, Customer, Service","April 3, 2021, 11:55 p.m.",https://merojob.com/housekeeping-executive-11/
Chef,NULL,Thamel,"Management, Communication, Customer, Service, Multitasking, Time, Management","April 3, 2021, 11:55 p.m.",https://merojob.com/chef-111/
Front Office Executive,NULL,"Thamel,ktm","Management, Communication, Data, Entry, Interpersonal","April 3, 2021, 11:55 p.m.",https://merojob.com/front-office-executive-48/
F & B Manager,NULL,Thamel,"Management, Communication, Multitasking, Time, Management","April 3, 2021, 11:55 p.m.",https://merojob.com/f-b-manager-33/
Sales Officer,Raman General,Kathmandu and Butwal,"Behavioral, Business, Intelligence, Customer, Service, Negotiation","April 2, 2021, 11:55 p.m.",https://merojob.com/sales-officer-565/
F&B Service Assistant,Evoke cafe & bistro,Jhamsikhel,"Customer, Service, Communication, Multitasking, Time, Management","April 5, 2021, 11:55 p.m.",https://merojob.com/food-beverage-services-waiter-waitress/
Jr. Accountant,Pick N Drop,"Sankhamul Planning, Lalitpur","Administration, Communication, Taxation, Analytical, Accounting","April 5, 2021, 11:55 p.m.",https://merojob.com/jr-accountant-18/
Content Development Manager,Eduki Pvt. Limited,"Jwagal, Lalitpur","Science, Communication, Pedagogy, Education, Mathematics","April 5, 2021, 11:55 p.m.",https://merojob.com/content-development-manager/
Staff Nurse,Bhotewodar Hospital,"Sundarbazar Municipality 09, Lamjung","Interpersonal, Communication, Multitasking, Problem, Solving","April 5, 2021, 11:55 p.m.",https://merojob.com/staff-nurse-162/
CMA,Bhotewodar Hospital,Nepal,"Interpersonal, Communication, Time, Management","April 5, 2021, 11:55 p.m.",https://merojob.com/cma-15/
MDGP,Bhotewodar Hospital,Nepal,"Interpersonal, Communication, Time, Management","April 5, 2021, 11:55 p.m.",https://merojob.com/mdgp-21/
ANM,Bhotewodar Hospital,Nepal,"Interpersonal, Communication","April 5, 2021, 11:55 p.m.",https://merojob.com/anm-13/
Health Assistant,Bhotewodar Hospital,Nepal,"Interpersonal, Communication, Multitasking","April 5, 2021, 11:55 p.m.",https://merojob.com/health-assistant-41/
Senior Content Strategist,Zookti,Anamnagar,"Digital, Marketing, Proofreading, Communication, Content, Writing, Content, Development","April 2, 2021, 11:55 p.m.",https://merojob.com/senior-content-strategist-2/
Software Engineer,Readytowork,"Shankhamul - 22, Lalitpur","React, Node.Js, Golang, Python","April 2, 2021, 11:55 p.m.",https://merojob.com/software-engineer-120/
Senior Software Engineer,Readytowork,"Shankhamul - 22, Lalitpur","React, Angular, Node.Js, Golang, Python","April 2, 2021, 11:55 p.m.",https://merojob.com/senior-software-engineer-48/
IT Support Officer,ACFE,Work From Home,NULL,"April 1, 2021, 11:55 p.m.",https://merojob.com/it-support-officer-9/
Java Developer,Booleant Services,"Maitidevi, Kathmandu Nepal",NULL,"April 1, 2021, 11:55 p.m.",https://merojob.com/java-developer-130/
Store Manager (Trainee),Shop @ Kaya Store,"Ghattekulo, Kathmandu","Interpersonal, Public, Relations, Management, Computer, Operation, Accounting","April 1, 2021, 11:55 p.m.",https://merojob.com/store-manager-trainee-3/
Marketing Officer,NULL,Balaju,"Marketing, Customer, Relationship, Management, Communication, Customer, Service, Sales","March 30, 2021, 11:55 p.m.",https://merojob.com/marketing-officer-1079/
Field Assistant - Green Energy …,Aeloi,"Kathmandu, Nepal","Mobile, Application, Communication, Customer, Service, Computer","March 30, 2021, 11:55 p.m.",https://merojob.com/field-assistant-green-energy-mobility-project-3/
Graphic Designer,NULL,"Nagpokhari, Kathmandu, Nepal","Ad, Design, 2D, Designing, 3D, Designing, Vector, Illustration","March 30, 2021, 11:55 p.m.",https://merojob.com/graphic-designer-821/
Marketing Manager,NULL,"Kathmandu, Nepal",NULL,"April 6, 2021, noon",https://merojob.com/marketing-manager-629/
Marketing Executive,NULL,"Kathmandu, Nepal",NULL,"April 6, 2021, noon",https://merojob.com/marketing-executive-945/
Account Officer,NULL,"Soalteemode, Kathmandu",NULL,"April 6, 2021, noon",https://merojob.com/account-officer-419/
QAA Assistant,NULL,"Soalteemode, Kathmandu",NULL,"April 6, 2021, noon",https://merojob.com/qaa-assistant/
Office Helper,NULL,"Soalteemode, Kathmandu",NULL,"April 6, 2021, noon",https://merojob.com/office-helper-37/
भन्सार एजेन्ट,NULL,काठमाडौं,NULL,"April 18, 2021, noon",https://merojob.com/-4065/
महानिर्देशक,NULL,"थापाथली हाइट, काठमाडौं, नेपाल",NULL,"April 12, 2021, noon",https://merojob.com/-4064/
सहायक सूचक (रा.प.अनंकित चतुर्थ श्…,NULL,"बरफबाग, काठमाडौँ",NULL,"April 2, 2021, noon",https://merojob.com/-4063/
अनुसन्धान सहायक (रा.प.अनंकित द्वि…,NULL,"बरफबाग, काठमाडौँ",NULL,"April 2, 2021, noon",https://merojob.com/-4062/
अनुसन्धान अधिकृत (रा.प.तृतीय श्रे…,NULL,"बरफबाग, काठमाडौँ",NULL,"April 2, 2021, noon",https://merojob.com/-4061/
सूचना प्रविधि अधिकृत,NULL,"पुल्चोक ललितपुर, नेपाल",NULL,"April 10, 2021, noon",https://merojob.com/-4059/
Senior Producer,NULL,"Baluwatar- 3, Kathmandu",NULL,"April 2, 2021, noon",https://merojob.com/senior-producer/
Program Producer,NULL,"Baluwatar- 3, Kathmandu",NULL,"April 2, 2021, noon",https://merojob.com/program-producer-9/
Production Controller,NULL,"Baluwatar- 3, Kathmandu",NULL,"April 2, 2021, noon",https://merojob.com/production-controller/
Researcher,NULL,"Baluwatar- 3, Kathmandu",NULL,"April 2, 2021, noon",https://merojob.com/researcher-8/
Cameraperson (Outdoor),NULL,"Baluwatar- 3, Kathmandu",NULL,"April 2, 2021, noon",https://merojob.com/cameraperson-outdoor/
Cameraperson (Studio),NULL,"Baluwatar- 3, Kathmandu",NULL,"April 2, 2021, noon",https://merojob.com/cameraperson-studio/
Assistant Cameraperson (Studio),NULL,"Baluwatar- 3, Kathmandu",NULL,"April 2, 2021, noon",https://merojob.com/assistant-cameraperson-studio/
Camera Archivist,NULL,"Baluwatar- 3, Kathmandu",NULL,"April 2, 2021, noon",https://merojob.com/camera-archivist/
Visual Editor,NULL,"Baluwatar- 3, Kathmandu",NULL,"April 2, 2021, noon",https://merojob.com/visual-editor-9/
Makeup & Hair Stylist,NULL,"Baluwatar- 3, Kathmandu",NULL,"April 2, 2021, noon",https://merojob.com/makeup-hair-stylist/
News Anchor,NULL,"Baluwatar- 3, Kathmandu",NULL,"April 2, 2021, noon",https://merojob.com/news-anchor-5/
News Producer (MCR),NULL,"Baluwatar- 3, Kathmandu",NULL,"April 2, 2021, noon",https://merojob.com/news-producer-mcr/
Desk Editor,NULL,"Baluwatar- 3, Kathmandu",NULL,"April 2, 2021, noon",https://merojob.com/desk-editor-4/
Senior Reporter,NULL,"Baluwatar- 3, Kathmandu",NULL,"April 2, 2021, noon",https://merojob.com/senior-reporter-2/
Reporter,NULL,"Baluwatar- 3, Kathmandu",NULL,"April 2, 2021, noon",https://merojob.com/reporter-34/
Province Bureau Chief (Lumbini …,NULL,"Baluwatar- 3, Kathmandu",NULL,"April 2, 2021, noon",https://merojob.com/province-bureau-chief-lumbini-bagmati/
District Desk Coordinator,NULL,"Baluwatar- 3, Kathmandu",NULL,"April 2, 2021, noon",https://merojob.com/district-desk-coordinator/
District Desk,NULL,"Baluwatar- 3, Kathmandu",NULL,"April 2, 2021, noon",https://merojob.com/district-desk/
Stringer (for 77 District),NULL,"Baluwatar- 3, Kathmandu",NULL,"April 2, 2021, noon",https://merojob.com/stringer-for-77-district/
Marketing Manager,NULL,"Baluwatar- 3, Kathmandu",NULL,"April 2, 2021, noon",https://merojob.com/marketing-manager-628/
Business Development Manager,NULL,"Baluwatar- 3, Kathmandu",NULL,"April 2, 2021, noon",https://merojob.com/business-development-manager-271/
Brand Officer,NULL,"Baluwatar- 3, Kathmandu",NULL,"April 2, 2021, noon",https://merojob.com/brand-officer-35/
Marketing & PR Officer,NULL,"Baluwatar- 3, Kathmandu",NULL,"April 2, 2021, noon",https://merojob.com/marketing-pr-officer/
Marketing Coordinator/ Scheduli…,NULL,"Baluwatar- 3, Kathmandu",NULL,"April 2, 2021, noon",https://merojob.com/marketing-coordinator-scheduling-officer/
Engineer & Technician (Control …,NULL,"Baluwatar- 3, Kathmandu",NULL,"April 2, 2021, noon",https://merojob.com/engineer-technician-control-room/
IT Support (Network & System),NULL,"Baluwatar- 3, Kathmandu",NULL,"April 2, 2021, noon",https://merojob.com/it-support-network-system/
Social Media Handler,NULL,"Baluwatar- 3, Kathmandu",NULL,"April 2, 2021, noon",https://merojob.com/social-media-handler-3/
Electrician,NULL,"Baluwatar- 3, Kathmandu",NULL,"April 2, 2021, noon",https://merojob.com/electrician-68/
Finance Executive,NULL,"Baluwatar- 3, Kathmandu",NULL,"April 2, 2021, noon",https://merojob.com/finance-executive-25/
हे.अ.,NULL,"दरबाङ, म्याग्दी",NULL,"April 10, 2021, noon",https://merojob.com/-4051/
स्टाफ नर्स,NULL,"दरबाङ, म्याग्दी",NULL,"April 10, 2021, noon",https://merojob.com/-4052/
अ.हे.ब.,NULL,"दरबाङ, म्याग्दी",NULL,"April 10, 2021, noon",https://merojob.com/-4053/
अ.न.मी.,NULL,"दरबाङ, म्याग्दी",NULL,"April 10, 2021, noon",https://merojob.com/-4054/
ल्याब असिष्टेन्ट,NULL,"दरबाङ, म्याग्दी",NULL,"April 10, 2021, noon",https://merojob.com/-4055/
रेडियोग्राफर,NULL,"दरबाङ, म्याग्दी",NULL,"April 10, 2021, noon",https://merojob.com/-4056/
फर्मासिस्ट,NULL,"दरबाङ, म्याग्दी",NULL,"April 10, 2021, noon",https://merojob.com/-4057/
कार्यालय सहयोगी,NULL,"दरबाङ, म्याग्दी",NULL,"April 10, 2021, noon",https://merojob.com/-4058/
कार्यालय सहयोगी,NULL,NULL,NULL,"April 8, 2021, noon",https://merojob.com/-4050/
सवारी चालक,NULL,NULL,NULL,"April 8, 2021, noon",https://merojob.com/-4049/
Primary School Teacher,NULL,"Dhapakhel, Lalitpur, Nepal",NULL,"April 9, 2021, noon",https://merojob.com/primary-school-teacher-5/
Middle School Teacher,NULL,"Dhapakhel, Lalitpur, Nepal",NULL,"April 9, 2021, noon",https://merojob.com/middle-school-teacher-4/
Secondary School Teacher,NULL,"Dhapakhel, Lalitpur, Nepal",NULL,"April 9, 2021, noon",https://merojob.com/secondary-school-teacher/
A Level Teacher,NULL,"Dhapakhel, Lalitpur, Nepal",NULL,"April 9, 2021, noon",https://merojob.com/a-level-teacher/
Plus Two Teacher,NULL,"Dhapakhel, Lalitpur, Nepal",NULL,"April 9, 2021, noon",https://merojob.com/plus-two-teacher/
"Librarian, Office Secretary",NULL,"Dhapakhel, Lalitpur, Nepal",NULL,"April 9, 2021, noon",https://merojob.com/librarian-office-secretary/
प्रमख लेखा अधिकत (Chief Account …,NULL,जोरपाटी,NULL,"April 10, 2021, noon",https://merojob.com/chief-account-officer-4/
प्रमुख कार्यकारी अधिकृत (Chief Ex…,NULL,जोरपाटी,NULL,"April 10, 2021, noon",https://merojob.com/chief-executive-officer-66/
Assistant Director- Few,NULL,Nepal,NULL,"April 23, 2021, noon",https://merojob.com/assistant-director-6/
शिक्षक,NULL,रामेछाप,NULL,"April 2, 2021, noon",https://merojob.com/-4048/
Hydro- Mechanical Engineer,NULL,"Dillibazar, Kathmandu",NULL,"April 2, 2021, noon",https://merojob.com/hydro-mechanical-engineer-4/
Billing/ Contract Engineer,NULL,"Dillibazar, Kathmandu",NULL,"April 2, 2021, noon",https://merojob.com/billing-contract-engineer/
Quality Control Engineer,NULL,"Dillibazar, Kathmandu",NULL,"April 2, 2021, noon",https://merojob.com/quality-control-engineer-26/
Civil Engineer,NULL,"Dillibazar, Kathmandu",NULL,"April 2, 2021, noon",https://merojob.com/civil-engineer-480/
Human Resource Manager,NULL,"Dillibazar, Kathmandu",NULL,"April 2, 2021, noon",https://merojob.com/human-resource-manager-113/
Admin In Charge,NULL,"Dillibazar, Kathmandu",NULL,"April 2, 2021, noon",https://merojob.com/admin-in-charge-3/
Accounts Officer,NULL,"Dillibazar, Kathmandu",NULL,"April 2, 2021, noon",https://merojob.com/accounts-officer-111/
गाउँ/नगर प्रहरी,NULL,"लंगडी,पर्सा",NULL,"April 8, 2021, noon",https://merojob.com/-4042/
पाले (रात्री पालो पहराको लागि),NULL,"लंगडी,पर्सा",NULL,"April 8, 2021, noon",https://merojob.com/-4043/
माली,NULL,"लंगडी,पर्सा",NULL,"April 8, 2021, noon",https://merojob.com/-4044/
भान्से (महिला),NULL,"लंगडी,पर्सा",NULL,"April 8, 2021, noon",https://merojob.com/-4045/
स्वीपर,NULL,"लंगडी,पर्सा",NULL,"April 8, 2021, noon",https://merojob.com/-4046/
चौकीदार,NULL,"लंगडी,पर्सा",NULL,"April 8, 2021, noon",https://merojob.com/-4047/
बजार प्रवर्द्धक,NULL,NULL,NULL,"March 31, 2021, noon",https://merojob.com/-4040/
प्राविधिक जनशक्तिहरु- केहि,NULL,"रामशाहपथ, काठमाण्डौं",NULL,"April 1, 2021, noon",https://merojob.com/-4041/
Pre-School Teacher- Few,NULL,"Maharajgunj, Thapagaun, Tahachal & Gatthaghar",NULL,"April 1, 2021, noon",https://merojob.com/pre-school-teacher-few-5/
Co-Teacher- Few,NULL,"Maharajgunj, Thapagaun, Tahachal & Gatthaghar",NULL,"April 1, 2021, noon",https://merojob.com/co-teacher-3/
Pre-School Grade Teacher (UKG),NULL,"Swoyambhu, Kathmandu",NULL,"April 1, 2021, noon",https://merojob.com/pre-school-grade-teacher-ukg/
Store Keeper/ Procurement Offic…,NULL,"Swoyambhu, Kathmandu",NULL,"April 1, 2021, noon",https://merojob.com/store-keeper-procurement-officer/
Public Relation Officer,NULL,"Swoyambhu, Kathmandu",NULL,"April 1, 2021, noon",https://merojob.com/public-relation-officer-110/
Librarian,NULL,"Swoyambhu, Kathmandu",NULL,"April 1, 2021, noon",https://merojob.com/librarian-137/
Assistant Cook (Canteen),NULL,"Swoyambhu, Kathmandu",NULL,"April 1, 2021, noon",https://merojob.com/assistant-cook-canteen/
बजार अधिकृत,NULL,"कालिमाटी, न्यूरोड",NULL,"April 1, 2021, noon",https://merojob.com/-4037/
बजार सुपरभाइजर,NULL,"कालिमाटी, न्यूरोड",NULL,"April 1, 2021, noon",https://merojob.com/-4038/
बजार प्रतिनिधि,NULL,"कालिमाटी, न्यूरोड",NULL,"April 1, 2021, noon",https://merojob.com/-4039/
Officer,NULL,NULL,NULL,"April 10, 2021, noon",https://merojob.com/officer-77/
Managers,NULL,NULL,NULL,"April 10, 2021, noon",https://merojob.com/managers-2/
Chiefs,NULL,NULL,NULL,"April 10, 2021, noon",https://merojob.com/chiefs/
Lecturer,NULL,"कुलेश्वर, काठमाडौं",NULL,"April 7, 2021, noon",https://merojob.com/lecturer-few-31/
Office Assistant,NULL,"कुलेश्वर, काठमाडौं",NULL,"April 7, 2021, noon",https://merojob.com/office-assistant-426/
Cleaner,NULL,"कुलेश्वर, काठमाडौं",NULL,"April 7, 2021, noon",https://merojob.com/cleaner-18/
Security Guard,NULL,"कुलेश्वर, काठमाडौं",NULL,"April 7, 2021, noon",https://merojob.com/security-guard-49/
TGT/ Computer Science,NULL,"Chobhar, Kathmandu",NULL,"April 7, 2021, noon",https://merojob.com/tgt-computer-science/
TGT/ French,NULL,"Chobhar, Kathmandu",NULL,"April 7, 2021, noon",https://merojob.com/tgt-french/
TGT/ Dance,NULL,"Chobhar, Kathmandu",NULL,"April 7, 2021, noon",https://merojob.com/tgt-dance-3/
Lab Assistant (Computer),NULL,"Chobhar, Kathmandu",NULL,"April 7, 2021, noon",https://merojob.com/lab-assistant-computer/
Lab Assistant (Science),NULL,"Chobhar, Kathmandu",NULL,"April 7, 2021, noon",https://merojob.com/lab-assistant-science/
सहायक - प्राध्यापक- Free Hand Ske…,NULL,चितवन इन्जिनियरिङ्ग क्याम्पस,NULL,"April 7, 2021, noon",https://merojob.com/free-hand-sketching/
उप- प्राध्यापक- चितवन इन्जिनियरिङ्ग…,NULL,चितवन इन्जिनियरिङ्ग क्याम्पस,NULL,"April 7, 2021, noon",https://merojob.com/-4036/
प्राविधिक सहायक (इलेक्ट्रिसियन),NULL,पश्चिमाञ्चल क्याम्पस,NULL,"April 7, 2021, noon",https://merojob.com/-4035/
लेखा सहायक,NULL,पश्चिमाञ्चल क्याम्पस,NULL,"April 7, 2021, noon",https://merojob.com/-4034/
कार्यालय सहायक,NULL,पश्चिमाञ्चल क्याम्पस,NULL,"April 7, 2021, noon",https://merojob.com/-4032/
प्राविधिक सहायक (कम्प्युटर),NULL,पश्चिमाञ्चल क्याम्पस,NULL,"April 7, 2021, noon",https://merojob.com/-4033/
मुख्य प्राविधिक सहायक (ल्याव असिष्ट…,NULL,पश्चिमाञ्चल क्याम्पस,NULL,"April 7, 2021, noon",https://merojob.com/-4031/
उप-प्राध्यापक- पश्चिमाञ्चल,NULL,पश्चिमाञ्चल क्याम्पस,NULL,"April 7, 2021, noon",https://merojob.com/-4030/
सह-प्राध्यापक,NULL,पश्चिमाञ्चल क्याम्पस,NULL,"April 7, 2021, noon",https://merojob.com/-4029/
उप प्राध्यापक- Architecture,NULL,पुर्वाञ्चल क्याम्पस,NULL,"April 7, 2021, noon",https://merojob.com/architecture-16/
उप प्राध्यापक,NULL,पुल्चोक क्याम्पस,NULL,"April 7, 2021, noon",https://merojob.com/-4025/
उप प्रशिक्षक,NULL,पुल्चोक क्याम्पस,NULL,"April 7, 2021, noon",https://merojob.com/-4026/
मुख्य प्राबिधिक सहायक,NULL,पुल्चोक क्याम्पस,NULL,"April 7, 2021, noon",https://merojob.com/-4027/
प्राबिधिक सहायक,NULL,पुल्चोक क्याम्पस,NULL,"April 7, 2021, noon",https://merojob.com/-4028/
Accountant,NULL,Lalitpur,NULL,"March 31, 2021, noon",https://merojob.com/accountant-2078/
Senior Finance Officer,NULL,Kathmandu,NULL,"March 31, 2021, noon",https://merojob.com/senior-finance-officer-20/
"Manager, Literacy Program",NULL,Kathmandu,NULL,"April 4, 2021, noon",https://merojob.com/manager-literacy-program-2/
In-Charge Human Resource & Admi…,NULL,"Bagh Durbar, Kathmandu",NULL,"April 13, 2021, noon",https://merojob.com/in-charge-human-resource-administration/
Pre- School Grade Teacher- Few,NULL,"Ravibhawan- 14, Kathmandu",NULL,"March 31, 2021, noon",https://merojob.com/pre-school-grade-teacher-few/
Primary Grade Teacher- Few,NULL,"Ravibhawan- 14, Kathmandu",NULL,"March 31, 2021, noon",https://merojob.com/primary-grade-teacher-few-2/
Middle / Secondary English Teac…,NULL,"Ravibhawan- 14, Kathmandu",NULL,"March 31, 2021, noon",https://merojob.com/middle-secondary-english-teacher/
Middle / Secondary Math Teacher,NULL,"Ravibhawan- 14, Kathmandu",NULL,"March 31, 2021, noon",https://merojob.com/middle-secondary-math-teacher/
Middle/ Secondary Science Teach…,NULL,"Ravibhawan- 14, Kathmandu",NULL,"March 31, 2021, noon",https://merojob.com/middle-secondary-science-teacher/
Middle/ Secondary Computer Teac…,NULL,"Ravibhawan- 14, Kathmandu",NULL,"March 31, 2021, noon",https://merojob.com/middle-secondary-computer-teacher/
Nepali cum Sanskrit Teacher,NULL,"Ravibhawan- 14, Kathmandu",NULL,"March 31, 2021, noon",https://merojob.com/nepali-cum-sanskrit-teacher/
Art Teacher (Fine Art),NULL,"Ravibhawan- 14, Kathmandu",NULL,"March 31, 2021, noon",https://merojob.com/art-teacher-fine-art/
Senior Project Officer,NULL,"Rajapur, Nepal",NULL,"April 7, 2021, noon",https://merojob.com/senior-project-officer-6/
Principal,NULL,"Sanepa- 2, Lalitpur",NULL,"March 31, 2021, noon",https://merojob.com/principal-92/
Vice Principal,NULL,"Sanepa- 2, Lalitpur",NULL,"March 31, 2021, noon",https://merojob.com/vice-principal-73/
Information Security Officer (I…,NULL,"Dillibazar, Kathmandu",NULL,"April 7, 2021, noon",https://merojob.com/information-security-officer-iso/
Programmer/ Application Develop…,NULL,"Dillibazar, Kathmandu",NULL,"April 7, 2021, noon",https://merojob.com/programmer-application-developer/
Electrical Engineer,NULL,NULL,NULL,"April 9, 2021, noon",https://merojob.com/electrical-engineer-123/
Software Engineer,NULL,"Lalitpur, Nepal",NULL,"April 9, 2021, noon",https://merojob.com/software-engineer-119/
Civil Engineer,NULL,"Lalitpur, Nepal",NULL,"April 9, 2021, noon",https://merojob.com/civil-engineer-478/
Project Manager,NULL,"Lalitpur, Nepal",NULL,"April 9, 2021, noon",https://merojob.com/project-manager-419/
Project Coordinator,NULL,"Lalitpur, Nepal",NULL,"April 9, 2021, noon",https://merojob.com/project-coordinator-209/
HR/ Admin Officer,NULL,"Lalitpur, Nepal",NULL,"April 9, 2021, noon",https://merojob.com/hr-admin-officer-21/
Food & Beverage Service Faculty,NULL,NULL,NULL,"March 31, 2021, noon",https://merojob.com/food-beverage-service-faculty/
Food Production Faculty,NULL,NULL,NULL,"March 31, 2021, noon",https://merojob.com/food-production-faculty-2/
Professor,NULL,Lalitpur,NULL,"April 6, 2021, noon",https://merojob.com/professor-18/
Assistant Professor,NULL,Lalitpur,NULL,"April 6, 2021, noon",https://merojob.com/assistant-professor-36/
Ophthalmic Assistant,NULL,Lalitpur,NULL,"April 6, 2021, noon",https://merojob.com/ophthalmic-assistant-18/
Research Nurse,NULL,Lalitpur,NULL,"April 6, 2021, noon",https://merojob.com/research-nurse/
СМА,NULL,Lalitpur,NULL,"April 6, 2021, noon",https://merojob.com/-4024/
Grade Teacher,NULL,"Gairidhara, Kathmandu",NULL,"March 31, 2021, noon",https://merojob.com/grade-teacher-96/
Secondary Level Maths Teacher,NULL,"Gairidhara, Kathmandu",NULL,"March 31, 2021, noon",https://merojob.com/secondary-level-maths-teacher-6/
Computer Teacher,NULL,"Gairidhara, Kathmandu",NULL,"March 31, 2021, noon",https://merojob.com/computer-teacher-76/
Nepali Teacher,NULL,"Gairidhara, Kathmandu",NULL,"March 31, 2021, noon",https://merojob.com/nepali-teacher-34/
English Teacher,NULL,"Gairidhara, Kathmandu",NULL,"March 31, 2021, noon",https://merojob.com/english-teacher-120/
Receptionist,NULL,"Gairidhara, Kathmandu",NULL,"March 31, 2021, noon",https://merojob.com/receptionist-1414/
Accountant,NULL,"सकेधारा, काठमाडौं, नेपाल",NULL,"March 31, 2021, noon",https://merojob.com/accountant-2077/
Receptionist,NULL,"सकेधारा, काठमाडौं, नेपाल,",NULL,"March 31, 2021, noon",https://merojob.com/receptionist-1413/
क्लिनिकल रजिष्ट्रार,NULL,"महाराजगञ्ज, काठमाण्डौ",NULL,"April 9, 2021, noon",https://merojob.com/-4023/
एडिटर,NULL,"Bagh Durbar, Kathmandu",NULL,"April 2, 2021, noon",https://merojob.com/-4018/
कोअर्डिनेटर,NULL,"Bagh Durbar, Kathmandu",NULL,"April 2, 2021, noon",https://merojob.com/-4019/
डेक्स,NULL,"Bagh Durbar, Kathmandu",NULL,"April 2, 2021, noon",https://merojob.com/-4020/
वरिष्ठ रिपोर्टर,NULL,"Bagh Durbar, Kathmandu",NULL,"April 2, 2021, noon",https://merojob.com/-4021/
जुनियर रिपोर्टर,NULL,"Bagh Durbar, Kathmandu",NULL,"April 2, 2021, noon",https://merojob.com/-4022/
Extended Term Consultant,NULL,Kathmandu,NULL,"April 5, 2021, noon",https://merojob.com/extended-term-consultant/
Chief Executive Officer (CEO),NULL,"Kathmandu & Dhangadhi, Kailali",NULL,"April 9, 2021, noon",https://merojob.com/chief-executive-officer-ceo-39/
कर्जा अधिकृत,NULL,"असन, काठमाडौं",NULL,"April 2, 2021, noon",https://merojob.com/-4012/
बजार अधिकृत,NULL,"असन, काठमाडौं",NULL,"April 2, 2021, noon",https://merojob.com/-4013/
जनसम्पर्क अधिकृत,NULL,"असन, काठमाडौं",NULL,"April 2, 2021, noon",https://merojob.com/-4014/
क्यासियर,NULL,"असन, काठमाडौं",NULL,"April 2, 2021, noon",https://merojob.com/-4015/
रिसेप्सनिष्ट,NULL,"असन, काठमाडौं",NULL,"April 2, 2021, noon",https://merojob.com/-4016/
बजार प्रतिनिधि,NULL,"असन, काठमाडौं",NULL,"April 2, 2021, noon",https://merojob.com/-4017/
Jr. Research Assistant,NULL,Butwal,NULL,"March 31, 2021, noon",https://merojob.com/jr-research-assistant/
"English, Science & Nepali Teach…",NULL,Saptari,NULL,"April 21, 2021, noon",https://merojob.com/english-science-nepali-teacher-basic-level/
English & Computer Teachers (Ba…,NULL,Kirtipur,NULL,"April 21, 2021, noon",https://merojob.com/english-computer-teachers-basic-level/
Principal (Basic Level School),NULL,Saptari,NULL,"April 21, 2021, noon",https://merojob.com/principal-basic-level-school/
इन्जिनियर,NULL,मध्यबानेश्वर,NULL,"April 9, 2021, noon",https://merojob.com/dsad/
अनुगमन अधिकृत,NULL,मध्यबानेश्वर,NULL,"April 9, 2021, noon",https://merojob.com/-3996/
प्रशासकीय अधिकृत,NULL,मध्यबानेश्वर,NULL,"April 9, 2021, noon",https://merojob.com/-3997/
प्रशासन सहायक,NULL,मध्यबानेश्वर,NULL,"April 9, 2021, noon",https://merojob.com/-3998/
प्राविधिक सहायक,NULL,मध्यबानेश्वर,NULL,"April 9, 2021, noon",https://merojob.com/-3999/
उप कार्यालय सहायक,NULL,मध्यबानेश्वर,NULL,"April 9, 2021, noon",https://merojob.com/-4000/
विशेषज्ञ सदस्य,NULL,"सिंहदरवार, काठमाण्डौ",NULL,"April 9, 2021, noon",https://merojob.com/-3995/
वन प्रशिक्षक,NULL,"चौरजहारी, रुकुम पश्चिम",NULL,"April 3, 2021, noon",https://merojob.com/-3994/
Assistant Manager/Deputy Manage…,NULL,"Birtamod Branch, Bhairahawa Branch",NULL,"April 3, 2021, noon",https://merojob.com/assistant-managerdeputy-managermanager-few/
Digital Business/ Digital Partn…,NULL,All Provinces,NULL,"April 1, 2021, noon",https://merojob.com/digital-business-digital-partnership-information-technology-business-intelligence-few/
Deputy Chief Executive Officer,NULL,NULL,NULL,"April 1, 2021, noon",https://merojob.com/deputy-chief-executive-officer-22/
Country Director,NULL,Nepal,NULL,"April 11, 2021, noon",https://merojob.com/country-director-25/
अधिकृत,NULL,NULL,NULL,"March 31, 2021, noon",https://merojob.com/-3977/
सहायक अधिकृत (बैंकिङ् व्यवसाय),NULL,NULL,NULL,"March 31, 2021, noon",https://merojob.com/-3978/
सहायक अधिकृत (सूचना प्रविधि),NULL,NULL,NULL,"March 31, 2021, noon",https://merojob.com/-3979/
वरिष्ठ सहायक,NULL,NULL,NULL,"March 31, 2021, noon",https://merojob.com/-3980/
कनिष्ठ सहायक (बैंकिङ् व्यवसाय),NULL,NULL,NULL,"March 31, 2021, noon",https://merojob.com/-3981/
कनिष्ठ सहायक (सूचना प्रविधि),NULL,NULL,NULL,"March 31, 2021, noon",https://merojob.com/-3982/
प्रमुख कार्यकारी अधिकृत,NULL,"सिंहदरवार, काठमाडौं",NULL,"March 31, 2021, noon",https://merojob.com/-3976/
Jr. Officer,NULL,"Kathmandu Valley, Pokhara Region, Narayangarh Region, Nepal…",NULL,"March 30, 2021, 5 p.m.",https://merojob.com/jr-officer-10/
Assistant/ Sr. Assistant/ Super…,NULL,"Kathmandu Valley, Pokhara Region, Narayangarh Region, Nepal…",NULL,"March 30, 2021, 5 p.m.",https://merojob.com/assistant-sr-assistant-supervisor-jr-officer-few/
Associate Professor,NULL,"Dhapakhel, Lalitpur",NULL,"April 2, 2021, noon",https://merojob.com/associate-professor-31/
Junior Associate Professor,NULL,"Dhapakhel, Lalitpur",NULL,"April 2, 2021, noon",https://merojob.com/junior-associate-professor-4/
Senior Lecturer,NULL,"Dhapakhel, Lalitpur",NULL,"April 2, 2021, noon",https://merojob.com/senior-lecturer-5/
Lecturer,NULL,"Dhapakhel, Lalitpur",NULL,"April 2, 2021, noon",https://merojob.com/lecturer-135/
Teaching Assistant,NULL,"Dhapakhel, Lalitpur",NULL,"April 2, 2021, noon",https://merojob.com/teaching-assistant-13/
System Administrator,NULL,"Dhapakhel, Lalitpur",NULL,"April 2, 2021, noon",https://merojob.com/system-administrator-62/
Library Incharge,NULL,"Dhapakhel, Lalitpur",NULL,"April 2, 2021, noon",https://merojob.com/library-incharge-4/
प्रवाधिक सहायक,NULL,"फेटा, बारा",NULL,"April 12, 2021, noon",https://merojob.com/-3927/
रोजगार संयोजक,NULL,"फेटा, बारा",NULL,"April 12, 2021, noon",https://merojob.com/-3926/
का.स.,NULL,"फेटा, बारा",NULL,"April 12, 2021, noon",https://merojob.com/-3931/
अ.न.मी,NULL,"फेटा, बारा",NULL,"April 12, 2021, noon",https://merojob.com/-3929/
अ.हे.व,NULL,"फेटा, बारा",NULL,"April 12, 2021, noon",https://merojob.com/-3928/
इलेक्ट्रिसियन,NULL,"फेटा, बारा",NULL,"April 12, 2021, noon",https://merojob.com/-3930/
इलेक्ट्रिसियन हेल्पर,NULL,"फेटा, बारा",NULL,"April 12, 2021, noon",https://merojob.com/-3932/
